ID,ACTIVATED,IN_REPAIR_SYSTEM,STILL_ALIVE,Lifetime
0,1/31/2019,,TRUE,593
1,12/4/2018,,TRUE,651
2,4/18/2019,,TRUE,516
3,3/5/2019,,TRUE,560
4,12/6/2018,,TRUE,649
5,3/20/2019,,TRUE,545
6,4/24/2019,,TRUE,510
7,7/9/2019,,TRUE,434
8,12/12/2018,,TRUE,643
9,6/14/2019,,TRUE,459
10,6/25/2019,,TRUE,448
11,12/11/2018,,TRUE,644
12,1/10/2019,,TRUE,614
13,10/17/2018,,TRUE,699
14,2/6/2019,,TRUE,587
15,7/2/2019,,TRUE,441
16,1/21/2019,,TRUE,603
17,4/16/2019,,TRUE,518
18,11/3/2018,,TRUE,682
19,4/8/2019,,TRUE,526
20,10/9/2018,,TRUE,707
21,8/6/2019,,TRUE,406
22,9/6/2018,,TRUE,740
23,7/2/2019,,TRUE,441
24,5/29/2019,,TRUE,475
25,4/16/2019,,TRUE,518
26,3/11/2019,,TRUE,554
27,4/15/2019,,TRUE,519
28,1/25/2019,,TRUE,599
29,7/15/2019,,TRUE,428
30,7/24/2019,,TRUE,419
31,9/21/2018,,TRUE,725
32,3/12/2019,,TRUE,553
33,7/15/2019,,TRUE,428
34,9/4/2018,,TRUE,742
35,5/3/2019,,TRUE,501
36,12/3/2018,,TRUE,652
37,10/18/2018,,TRUE,698
38,5/28/2019,,TRUE,476
39,11/14/2018,,TRUE,671
40,9/11/2018,,TRUE,735
41,9/10/2018,,TRUE,736
42,7/20/2019,,TRUE,423
43,4/30/2019,,TRUE,504
44,3/13/2019,,TRUE,552
45,9/14/2018,,TRUE,732
46,4/24/2019,,TRUE,510
47,2/1/2019,,TRUE,592
48,10/22/2018,,TRUE,694
49,11/28/2018,,TRUE,657
50,4/22/2019,,TRUE,512
51,7/31/2019,,TRUE,412
52,7/18/2019,,TRUE,425
53,4/9/2019,,TRUE,525
54,7/11/2019,,TRUE,432
55,10/9/2018,,TRUE,707
56,4/2/2019,,TRUE,532
57,4/18/2019,,TRUE,516
58,4/10/2019,,TRUE,524
59,6/20/2019,,TRUE,453
60,6/26/2019,,TRUE,447
61,3/21/2019,,TRUE,544
62,6/10/2019,,TRUE,463
63,3/14/2019,,TRUE,551
64,6/7/2019,,TRUE,466
65,1/15/2019,,TRUE,609
66,2/23/2019,,TRUE,570
67,1/18/2019,,TRUE,606
68,11/30/2018,,TRUE,655
69,2/27/2019,,TRUE,566
70,7/19/2019,,TRUE,424
71,7/18/2019,,TRUE,425
72,9/17/2018,,TRUE,729
73,11/16/2018,,TRUE,669
74,7/10/2019,,TRUE,433
75,11/9/2018,,TRUE,676
76,5/30/2019,,TRUE,474
77,6/20/2019,,TRUE,453
78,1/16/2019,,TRUE,608
79,11/28/2018,,TRUE,657
80,6/5/2019,,TRUE,468
81,7/30/2019,,TRUE,413
82,2/1/2019,,TRUE,592
83,7/30/2019,,TRUE,413
84,5/29/2019,,TRUE,475
85,9/7/2018,,TRUE,739
86,6/6/2019,,TRUE,467
87,4/17/2019,,TRUE,517
88,11/2/2018,,TRUE,683
89,6/10/2019,,TRUE,463
90,3/11/2019,,TRUE,554
91,5/15/2019,,TRUE,489
92,3/20/2019,,TRUE,545
93,11/8/2018,,TRUE,677
94,3/15/2019,,TRUE,550
95,3/25/2019,,TRUE,540
96,5/29/2019,,TRUE,475
97,1/15/2019,,TRUE,609
98,11/17/2018,,TRUE,668
99,1/22/2019,,TRUE,602
100,9/4/2018,,TRUE,742
101,8/5/2019,,TRUE,407
102,1/18/2019,,TRUE,606
103,5/29/2019,,TRUE,475
104,3/1/2019,,TRUE,564
105,4/8/2019,,TRUE,526
106,6/5/2019,,TRUE,468
107,10/23/2018,,TRUE,693
108,11/8/2018,,TRUE,677
109,6/26/2019,,TRUE,447
110,1/29/2019,,TRUE,595
111,3/20/2019,,TRUE,545
112,6/28/2019,,TRUE,445
113,6/14/2019,,TRUE,459
114,10/11/2018,,TRUE,705
115,3/5/2019,,TRUE,560
116,4/9/2019,,TRUE,525
117,3/15/2019,,TRUE,550
118,6/28/2019,,TRUE,445
119,3/27/2019,,TRUE,538
120,2/27/2019,,TRUE,566
121,8/8/2019,,TRUE,404
122,1/17/2019,,TRUE,607
123,12/5/2018,,TRUE,650
124,10/12/2018,,TRUE,704
125,9/19/2018,,TRUE,727
126,5/7/2019,,TRUE,497
127,8/1/2019,,TRUE,411
128,12/31/2018,,TRUE,624
129,9/5/2018,,TRUE,741
130,10/3/2018,,TRUE,713
131,9/7/2018,,TRUE,739
132,10/18/2018,,TRUE,698
133,3/21/2019,,TRUE,544
134,4/18/2019,,TRUE,516
135,8/2/2019,,TRUE,410
136,6/10/2019,,TRUE,463
137,7/8/2019,,TRUE,435
138,12/13/2018,,TRUE,642
139,9/27/2018,,TRUE,719
140,6/14/2019,,TRUE,459
141,4/15/2019,,TRUE,519
142,2/26/2019,,TRUE,567
143,3/20/2019,,TRUE,545
144,6/11/2019,,TRUE,462
145,6/17/2019,,TRUE,456
146,9/3/2018,,TRUE,743
147,4/16/2019,,TRUE,518
148,6/27/2019,,TRUE,446
149,5/8/2019,,TRUE,496
150,4/17/2019,,TRUE,517
151,10/18/2018,,TRUE,698
152,4/2/2019,,TRUE,532
153,6/17/2019,,TRUE,456
154,3/27/2019,,TRUE,538
155,3/1/2019,,TRUE,564
156,7/13/2019,,TRUE,430
157,4/25/2019,,TRUE,509
158,4/17/2019,,TRUE,517
159,4/8/2019,,TRUE,526
160,4/15/2019,,TRUE,519
161,4/4/2019,,TRUE,530
162,7/11/2019,,TRUE,432
163,8/9/2019,,TRUE,403
164,10/8/2018,,TRUE,708
165,12/18/2018,,TRUE,637
166,7/23/2019,,TRUE,420
167,4/30/2019,,TRUE,504
168,7/22/2019,,TRUE,421
169,1/9/2019,,TRUE,615
170,7/13/2019,,TRUE,430
171,3/20/2019,,TRUE,545
172,12/3/2018,,TRUE,652
173,4/23/2019,,TRUE,511
174,10/5/2018,,TRUE,711
175,5/27/2019,,TRUE,477
176,4/16/2019,,TRUE,518
177,2/4/2019,,TRUE,589
178,6/11/2019,,TRUE,462
179,3/19/2019,,TRUE,546
180,2/14/2019,,TRUE,579
181,4/4/2019,,TRUE,530
182,7/20/2019,,TRUE,423
183,6/20/2019,,TRUE,453
184,1/10/2019,,TRUE,614
185,11/6/2018,,TRUE,679
186,4/10/2019,,TRUE,524
187,4/9/2019,,TRUE,525
188,1/23/2019,,TRUE,601
189,4/23/2019,,TRUE,511
190,11/3/2018,,TRUE,682
191,4/15/2019,,TRUE,519
192,7/19/2019,,TRUE,424
193,6/17/2019,,TRUE,456
194,11/2/2018,,TRUE,683
195,1/4/2019,,TRUE,620
196,12/13/2018,,TRUE,642
197,3/25/2019,,TRUE,540
198,7/2/2019,,TRUE,441
199,8/1/2019,,TRUE,411
200,3/25/2019,,TRUE,540
201,7/17/2019,,TRUE,426
202,5/27/2019,,TRUE,477
203,5/30/2019,,TRUE,474
204,3/20/2019,,TRUE,545
205,8/6/2019,,TRUE,406
206,2/26/2019,,TRUE,567
207,5/11/2019,,TRUE,493
208,7/19/2019,,TRUE,424
209,7/22/2019,,TRUE,421
210,11/13/2018,,TRUE,672
211,11/1/2018,,TRUE,684
212,12/18/2018,,TRUE,637
213,7/2/2019,,TRUE,441
214,6/14/2019,,TRUE,459
215,10/3/2018,,TRUE,713
216,9/25/2018,,TRUE,721
217,4/23/2019,,TRUE,511
218,4/12/2019,,TRUE,522
219,6/29/2019,,TRUE,444
220,3/11/2019,,TRUE,554
221,5/7/2019,,TRUE,497
222,5/31/2019,,TRUE,473
223,2/28/2019,,TRUE,565
224,7/5/2019,,TRUE,438
225,10/21/2018,,TRUE,695
226,8/2/2019,,TRUE,410
227,6/27/2019,,TRUE,446
228,4/10/2019,,TRUE,524
229,9/13/2018,,TRUE,733
230,12/19/2018,,TRUE,636
231,6/11/2019,,TRUE,462
232,4/11/2019,,TRUE,523
233,7/4/2019,,TRUE,439
234,1/22/2019,,TRUE,602
235,5/31/2019,,TRUE,473
236,9/28/2018,,TRUE,718
237,10/1/2018,,TRUE,715
238,3/13/2019,,TRUE,552
239,4/10/2019,,TRUE,524
240,4/14/2019,,TRUE,520
241,11/29/2018,,TRUE,656
242,12/26/2018,,TRUE,629
243,3/1/2019,,TRUE,564
244,12/20/2018,,TRUE,635
245,4/8/2019,,TRUE,526
246,3/16/2019,,TRUE,549
247,5/14/2019,,TRUE,490
248,6/4/2019,,TRUE,469
249,9/12/2018,,TRUE,734
250,10/25/2018,,TRUE,691
251,5/3/2019,,TRUE,501
252,4/24/2019,,TRUE,510
253,4/17/2019,,TRUE,517
254,4/9/2019,,TRUE,525
255,1/24/2019,,TRUE,600
256,3/5/2019,,TRUE,560
257,12/5/2018,,TRUE,650
258,9/4/2018,,TRUE,742
259,3/23/2019,,TRUE,542
260,5/25/2019,,TRUE,479
261,7/30/2019,,TRUE,413
262,6/29/2019,,TRUE,444
263,7/8/2019,,TRUE,435
264,6/28/2019,,TRUE,445
265,6/12/2019,,TRUE,461
266,4/5/2019,,TRUE,529
267,6/28/2019,,TRUE,445
268,5/3/2019,,TRUE,501
269,7/19/2019,,TRUE,424
270,4/29/2019,,TRUE,505
271,4/2/2019,,TRUE,532
272,4/17/2019,,TRUE,517
273,6/13/2019,,TRUE,460
274,6/13/2019,,TRUE,460
275,6/26/2019,,TRUE,447
276,6/10/2019,,TRUE,463
277,5/21/2019,,TRUE,483
278,5/19/2019,,TRUE,485
279,6/25/2019,,TRUE,448
280,4/15/2019,,TRUE,519
281,3/1/2019,,TRUE,564
282,5/24/2019,,TRUE,480
283,11/13/2018,,TRUE,672
284,8/5/2019,,TRUE,407
285,7/17/2019,,TRUE,426
286,7/16/2019,,TRUE,427
287,3/11/2019,,TRUE,554
288,11/26/2018,,TRUE,659
289,10/16/2018,,TRUE,700
290,5/21/2019,,TRUE,483
291,5/29/2019,,TRUE,475
292,9/18/2018,,TRUE,728
293,4/15/2019,,TRUE,519
294,4/27/2019,,TRUE,507
295,9/3/2018,,TRUE,743
296,4/10/2019,,TRUE,524
297,9/13/2018,,TRUE,733
298,5/29/2019,,TRUE,475
299,3/26/2019,,TRUE,539
300,5/7/2019,,TRUE,497
301,3/26/2019,,TRUE,539
302,9/17/2018,,TRUE,729
303,10/29/2018,,TRUE,687
304,6/14/2019,,TRUE,459
305,6/5/2019,,TRUE,468
306,4/26/2019,,TRUE,508
307,7/12/2019,,TRUE,431
308,3/4/2019,,TRUE,561
309,1/23/2019,,TRUE,601
310,10/18/2018,,TRUE,698
311,11/5/2018,,TRUE,680
312,7/17/2019,,TRUE,426
313,11/26/2018,,TRUE,659
314,12/27/2018,,TRUE,628
315,11/27/2018,,TRUE,658
316,1/30/2019,,TRUE,594
317,7/3/2019,,TRUE,440
318,11/2/2018,,TRUE,683
319,4/9/2019,,TRUE,525
320,2/8/2019,,TRUE,585
321,3/11/2019,,TRUE,554
322,6/26/2019,,TRUE,447
323,3/27/2019,,TRUE,538
324,7/19/2019,,TRUE,424
325,5/30/2019,,TRUE,474
326,7/3/2019,,TRUE,440
327,10/2/2018,,TRUE,714
328,9/13/2018,,TRUE,733
329,11/15/2018,,TRUE,670
330,9/6/2018,,TRUE,740
331,9/3/2018,,TRUE,743
332,12/6/2018,,TRUE,649
333,9/7/2018,,TRUE,739
334,7/15/2019,,TRUE,428
335,3/7/2019,,TRUE,558
336,6/26/2019,,TRUE,447
337,6/13/2019,,TRUE,460
338,3/25/2019,,TRUE,540
339,3/22/2019,,TRUE,543
340,8/2/2019,,TRUE,410
341,10/25/2018,,TRUE,691
342,11/7/2018,,TRUE,678
343,3/13/2019,,TRUE,552
344,7/9/2019,,TRUE,434
345,4/12/2019,,TRUE,522
346,6/12/2019,,TRUE,461
347,4/11/2019,,TRUE,523
348,3/12/2019,,TRUE,553
349,3/1/2019,,TRUE,564
350,3/13/2019,,TRUE,552
351,1/29/2019,,TRUE,595
352,3/14/2019,,TRUE,551
353,3/18/2019,,TRUE,547
354,7/17/2019,,TRUE,426
355,9/6/2018,,TRUE,740
356,3/26/2019,,TRUE,539
357,4/1/2019,,TRUE,533
358,5/13/2019,,TRUE,491
359,4/20/2019,,TRUE,514
360,8/9/2019,,TRUE,403
361,3/14/2019,,TRUE,551
362,6/28/2019,,TRUE,445
363,7/22/2019,,TRUE,421
364,9/20/2018,,TRUE,726
365,5/22/2019,,TRUE,482
366,7/20/2019,,TRUE,423
367,4/9/2019,,TRUE,525
368,12/12/2018,,TRUE,643
369,3/1/2019,,TRUE,564
370,3/13/2019,,TRUE,552
371,8/8/2019,,TRUE,404
372,5/22/2019,,TRUE,482
373,2/28/2019,,TRUE,565
374,10/5/2018,,TRUE,711
375,3/12/2019,,TRUE,553
376,7/12/2019,,TRUE,431
377,10/18/2018,,TRUE,698
378,3/12/2019,,TRUE,553
379,3/13/2019,,TRUE,552
380,4/9/2019,,TRUE,525
381,3/28/2019,,TRUE,537
382,5/24/2019,,TRUE,480
383,6/25/2019,,TRUE,448
384,3/28/2019,,TRUE,537
385,1/2/2019,,TRUE,622
386,7/15/2019,,TRUE,428
387,4/23/2019,,TRUE,511
388,5/20/2019,,TRUE,484
389,3/5/2019,,TRUE,560
390,12/10/2018,,TRUE,645
391,10/19/2018,,TRUE,697
392,9/5/2018,,TRUE,741
393,3/6/2019,,TRUE,559
394,7/2/2019,,TRUE,441
395,7/17/2019,,TRUE,426
396,5/17/2019,,TRUE,487
397,6/12/2019,,TRUE,461
398,3/8/2019,,TRUE,557
399,6/12/2019,,TRUE,461
400,6/11/2019,,TRUE,462
401,3/12/2019,,TRUE,553
402,11/26/2018,,TRUE,659
403,4/29/2019,,TRUE,505
404,7/26/2019,,TRUE,417
405,1/25/2019,,TRUE,599
406,11/16/2018,,TRUE,669
407,11/9/2018,,TRUE,676
408,6/11/2019,,TRUE,462
409,4/10/2019,,TRUE,524
410,4/17/2019,,TRUE,517
411,5/6/2019,,TRUE,498
412,4/18/2019,,TRUE,516
413,8/6/2019,,TRUE,406
414,12/31/2018,,TRUE,624
415,11/20/2018,,TRUE,665
416,7/11/2019,,TRUE,432
417,12/28/2018,,TRUE,627
418,11/3/2018,,TRUE,682
419,4/7/2019,,TRUE,527
420,7/17/2019,,TRUE,426
421,7/31/2019,,TRUE,412
422,8/7/2019,,TRUE,405
423,5/30/2019,,TRUE,474
424,7/16/2019,,TRUE,427
425,12/6/2018,,TRUE,649
426,7/3/2019,,TRUE,440
427,3/14/2019,,TRUE,551
428,4/26/2019,,TRUE,508
429,4/8/2019,,TRUE,526
430,7/30/2019,,TRUE,413
431,7/24/2019,,TRUE,419
432,10/19/2018,,TRUE,697
433,9/28/2018,,TRUE,718
434,4/9/2019,,TRUE,525
435,3/21/2019,,TRUE,544
436,4/17/2019,,TRUE,517
437,9/18/2018,,TRUE,728
438,7/9/2019,,TRUE,434
439,3/27/2019,,TRUE,538
440,9/11/2018,,TRUE,735
441,5/14/2019,,TRUE,490
442,5/8/2019,,TRUE,496
443,1/30/2019,,TRUE,594
444,5/30/2019,,TRUE,474
445,8/9/2019,,TRUE,403
446,1/4/2019,,TRUE,620
447,8/8/2019,,TRUE,404
448,3/29/2019,,TRUE,536
449,11/27/2018,,TRUE,658
450,11/16/2018,,TRUE,669
451,4/8/2019,,TRUE,526
452,11/30/2018,,TRUE,655
453,3/25/2019,,TRUE,540
454,4/17/2019,,TRUE,517
455,4/1/2019,,TRUE,533
456,4/23/2019,,TRUE,511
457,4/11/2019,,TRUE,523
458,9/4/2018,,TRUE,742
459,7/26/2019,,TRUE,417
460,3/5/2019,,TRUE,560
461,4/7/2019,,TRUE,527
462,6/12/2019,,TRUE,461
463,8/8/2019,,TRUE,404
464,3/14/2019,,TRUE,551
465,6/29/2019,,TRUE,444
466,6/21/2019,,TRUE,452
467,6/28/2019,,TRUE,445
468,6/7/2019,,TRUE,466
469,1/29/2019,,TRUE,595
470,1/8/2019,,TRUE,616
471,12/12/2018,,TRUE,643
472,2/22/2019,,TRUE,571
473,3/14/2019,,TRUE,551
474,7/16/2019,,TRUE,427
475,7/1/2019,,TRUE,442
476,11/30/2018,,TRUE,655
477,4/18/2019,,TRUE,516
478,12/11/2018,,TRUE,644
479,4/26/2019,,TRUE,508
480,12/28/2018,,TRUE,627
481,2/26/2019,,TRUE,567
482,10/20/2018,,TRUE,696
483,3/12/2019,,TRUE,553
484,6/24/2019,,TRUE,449
485,4/8/2019,,TRUE,526
486,3/26/2019,,TRUE,539
487,10/19/2018,,TRUE,697
488,7/24/2019,,TRUE,419
489,11/12/2018,,TRUE,673
490,7/17/2019,,TRUE,426
491,10/31/2018,,TRUE,685
492,1/19/2019,,TRUE,605
493,7/19/2019,,TRUE,424
494,9/11/2018,,TRUE,735
495,3/1/2019,,TRUE,564
496,4/8/2019,,TRUE,526
497,2/20/2019,,TRUE,573
498,7/19/2019,,TRUE,424
499,9/25/2018,,TRUE,721
500,4/10/2019,,TRUE,524
501,10/15/2018,,TRUE,701
502,9/5/2018,,TRUE,741
503,5/22/2019,,TRUE,482
504,6/11/2019,,TRUE,462
505,10/30/2018,,TRUE,686
506,1/7/2019,,TRUE,617
507,2/11/2019,,TRUE,582
508,6/5/2019,,TRUE,468
509,2/13/2019,,TRUE,580
510,7/17/2019,,TRUE,426
511,4/6/2019,,TRUE,528
512,4/15/2019,,TRUE,519
513,6/12/2019,,TRUE,461
514,3/29/2019,,TRUE,536
515,12/21/2018,,TRUE,634
516,3/1/2019,,TRUE,564
517,11/5/2018,,TRUE,680
518,6/12/2019,,TRUE,461
519,6/7/2019,,TRUE,466
520,6/6/2019,,TRUE,467
521,4/29/2019,,TRUE,505
522,7/26/2019,,TRUE,417
523,4/5/2019,,TRUE,529
524,7/4/2019,,TRUE,439
525,4/1/2019,,TRUE,533
526,4/16/2019,,TRUE,518
527,9/26/2018,,TRUE,720
528,7/8/2019,,TRUE,435
529,11/22/2018,,TRUE,663
530,8/7/2019,,TRUE,405
531,2/21/2019,,TRUE,572
532,3/26/2019,,TRUE,539
533,4/1/2019,,TRUE,533
534,3/27/2019,,TRUE,538
535,8/1/2019,,TRUE,411
536,5/30/2019,9/3/2020,FALSE,462
537,7/16/2019,8/25/2020,FALSE,406
538,5/27/2019,7/15/2020,FALSE,415
539,5/24/2019,8/1/2020,FALSE,435
540,6/25/2019,8/19/2020,FALSE,421
541,5/2/2019,6/26/2020,FALSE,421
542,8/6/2019,9/25/2020,FALSE,416
543,3/5/2019,8/24/2020,FALSE,538
544,3/20/2019,9/15/2020,FALSE,545
545,3/1/2019,6/24/2020,FALSE,481
546,3/5/2019,4/17/2020,FALSE,409
547,3/26/2019,5/29/2020,FALSE,430
548,3/5/2019,8/24/2020,FALSE,538
549,2/19/2019,4/9/2020,FALSE,415
550,3/6/2019,6/26/2020,FALSE,478
551,3/5/2019,4/29/2020,FALSE,421
552,3/5/2019,7/13/2020,FALSE,496
553,3/1/2019,5/6/2020,FALSE,432
554,4/8/2019,6/16/2020,FALSE,435
555,7/20/2019,8/24/2020,FALSE,401
556,7/17/2019,9/6/2020,FALSE,417
557,7/15/2019,8/29/2020,FALSE,411
558,7/24/2019,9/16/2020,FALSE,420
559,7/9/2019,9/15/2020,FALSE,434
560,7/25/2019,9/2/2020,FALSE,405
561,8/9/2019,9/26/2020,FALSE,414
562,8/9/2019,9/22/2020,FALSE,410
563,7/17/2019,10/2/2020,FALSE,443
564,9/13/2018,4/21/2020,FALSE,586
565,3/14/2019,9/5/2020,FALSE,541
566,9/11/2018,7/9/2020,FALSE,667
567,11/22/2018,9/1/2020,FALSE,649
568,11/28/2018,6/17/2020,FALSE,567
569,9/11/2018,1/23/2020,FALSE,499
570,11/21/2018,4/23/2020,FALSE,519
571,10/31/2018,5/30/2020,FALSE,577
572,3/17/2019,8/25/2020,FALSE,527
573,9/14/2018,3/5/2020,FALSE,538
574,9/11/2018,7/24/2020,FALSE,682
575,1/31/2019,7/17/2020,FALSE,533
576,9/13/2018,6/21/2020,FALSE,647
577,1/22/2019,9/1/2020,FALSE,588
578,10/18/2018,9/3/2020,FALSE,686
579,9/26/2018,6/1/2020,FALSE,614
580,11/23/2018,4/22/2020,FALSE,516
581,10/5/2018,7/30/2020,FALSE,664
582,3/16/2019,9/20/2020,FALSE,554
583,9/12/2018,2/22/2020,FALSE,528
584,9/11/2018,8/24/2020,FALSE,713
585,9/10/2018,9/3/2020,FALSE,724
586,9/6/2018,6/16/2020,FALSE,649
587,11/16/2018,5/9/2020,FALSE,540
588,10/19/2018,3/2/2020,FALSE,500
589,11/26/2018,2/8/2020,FALSE,439
590,9/3/2018,7/6/2020,FALSE,672
591,3/16/2019,7/6/2020,FALSE,478
592,9/11/2018,3/20/2020,FALSE,556
593,9/6/2018,3/3/2020,FALSE,544
594,10/12/2018,4/23/2020,FALSE,559
595,11/26/2018,4/11/2020,FALSE,502
596,9/3/2018,3/9/2020,FALSE,553
597,12/5/2018,5/8/2020,FALSE,520
598,9/5/2018,7/22/2020,FALSE,686
599,1/30/2019,8/7/2020,FALSE,555
600,11/6/2018,6/4/2020,FALSE,576
601,9/5/2018,5/15/2020,FALSE,618
602,9/5/2018,1/16/2020,FALSE,498
603,9/14/2018,4/28/2020,FALSE,592
604,10/11/2018,4/1/2020,FALSE,538
605,11/26/2018,4/1/2020,FALSE,492
606,9/11/2018,7/8/2020,FALSE,666
607,4/30/2019,7/23/2020,FALSE,450
608,11/2/2018,12/19/2019,FALSE,412
609,9/13/2018,11/25/2019,FALSE,438
610,9/25/2018,8/3/2020,FALSE,678
611,12/28/2018,3/6/2020,FALSE,434
612,1/4/2019,4/18/2020,FALSE,470
613,9/14/2018,7/17/2020,FALSE,672
614,1/4/2019,5/15/2020,FALSE,497
615,11/15/2018,4/7/2020,FALSE,509
616,11/13/2018,4/1/2020,FALSE,505
617,9/13/2018,5/25/2020,FALSE,620
618,1/25/2019,5/8/2020,FALSE,469
619,10/19/2018,2/24/2020,FALSE,493
620,9/14/2018,7/13/2020,FALSE,668
621,10/3/2018,9/2/2020,FALSE,700
622,9/25/2018,7/3/2020,FALSE,647
623,3/16/2019,7/9/2020,FALSE,481
624,11/8/2018,6/4/2020,FALSE,574
625,10/26/2018,8/14/2020,FALSE,658
626,2/1/2019,10/5/2020,FALSE,612
627,9/22/2018,7/14/2020,FALSE,661
628,10/15/2018,3/23/2020,FALSE,525
629,9/4/2018,1/27/2020,FALSE,510
630,9/11/2018,11/9/2019,FALSE,424
631,10/2/2018,1/6/2020,FALSE,461
632,9/13/2018,6/1/2020,FALSE,627
633,9/14/2018,3/12/2020,FALSE,545
634,10/18/2018,1/20/2020,FALSE,459
635,10/2/2018,6/9/2020,FALSE,616
636,9/13/2018,4/2/2020,FALSE,567
637,10/1/2018,6/14/2020,FALSE,622
638,10/4/2018,7/6/2020,FALSE,641
639,10/10/2018,4/27/2020,FALSE,565
640,10/18/2018,4/12/2020,FALSE,542
641,9/4/2018,5/19/2020,FALSE,623
642,10/19/2018,5/5/2020,FALSE,564
643,5/29/2019,9/9/2020,FALSE,469
644,6/8/2019,8/20/2020,FALSE,439
645,12/18/2018,8/6/2020,FALSE,597
646,11/8/2018,4/16/2020,FALSE,525
647,3/23/2019,6/27/2020,FALSE,462
648,10/2/2018,1/8/2020,FALSE,463
649,9/3/2018,6/16/2020,FALSE,652
650,3/8/2019,6/7/2020,FALSE,457
651,10/22/2018,4/7/2020,FALSE,533
652,9/26/2018,11/26/2019,FALSE,426
653,9/11/2018,1/24/2020,FALSE,500
654,10/1/2018,11/23/2019,FALSE,418
655,9/28/2018,8/7/2020,FALSE,679
656,10/2/2018,12/4/2019,FALSE,428
657,9/28/2018,11/5/2019,FALSE,403
658,9/18/2018,12/10/2019,FALSE,448
659,10/2/2018,5/9/2020,FALSE,585
660,9/27/2018,7/17/2020,FALSE,659
661,9/28/2018,1/8/2020,FALSE,467
662,10/19/2018,4/1/2020,FALSE,530
663,9/3/2018,12/4/2019,FALSE,457
664,10/1/2018,5/15/2020,FALSE,592
665,9/7/2018,6/24/2020,FALSE,656
666,9/11/2018,5/15/2020,FALSE,612
667,9/6/2018,4/25/2020,FALSE,597
668,9/28/2018,6/2/2020,FALSE,613
669,9/11/2018,6/3/2020,FALSE,631
670,10/2/2018,11/15/2019,FALSE,409
671,9/24/2018,1/21/2020,FALSE,484
672,10/1/2018,4/8/2020,FALSE,555
673,10/22/2018,1/16/2020,FALSE,451
674,9/26/2018,3/7/2020,FALSE,528
675,9/11/2018,5/7/2020,FALSE,604
676,9/28/2018,6/26/2020,FALSE,637
677,9/24/2018,5/17/2020,FALSE,601
678,9/11/2018,4/10/2020,FALSE,577
679,10/23/2018,3/15/2020,FALSE,509
680,9/7/2018,2/9/2020,FALSE,520
681,9/12/2018,6/24/2020,FALSE,651
682,9/27/2018,12/6/2019,FALSE,435
683,9/7/2018,10/22/2019,FALSE,410
684,10/19/2018,5/17/2020,FALSE,576
685,9/26/2018,4/6/2020,FALSE,558
686,10/19/2018,3/11/2020,FALSE,509
687,9/13/2018,2/9/2020,FALSE,514
688,10/3/2018,8/31/2020,FALSE,698
689,10/4/2018,11/10/2019,FALSE,402
690,9/11/2018,6/25/2020,FALSE,653
691,10/9/2018,4/9/2020,FALSE,548
692,10/1/2018,5/15/2020,FALSE,592
693,9/6/2018,1/17/2020,FALSE,498
694,10/5/2018,7/6/2020,FALSE,640
695,9/13/2018,2/8/2020,FALSE,513
696,9/11/2018,2/14/2020,FALSE,521
697,10/5/2018,12/26/2019,FALSE,447
698,9/13/2018,8/24/2020,FALSE,711
699,9/18/2018,3/11/2020,FALSE,540
700,9/7/2018,12/4/2019,FALSE,453
701,10/23/2018,1/14/2020,FALSE,448
702,9/27/2018,4/16/2020,FALSE,567
703,9/11/2018,8/17/2020,FALSE,706
704,9/27/2018,11/5/2019,FALSE,404
705,9/5/2018,10/26/2019,FALSE,416
706,6/12/2019,9/9/2020,FALSE,455
707,2/20/2019,7/13/2020,FALSE,509
708,4/9/2019,6/24/2020,FALSE,442
709,3/21/2019,6/24/2020,FALSE,461
710,4/10/2019,8/28/2020,FALSE,506
711,4/30/2019,7/27/2020,FALSE,454
712,6/13/2019,7/20/2020,FALSE,403
713,5/13/2019,6/25/2020,FALSE,409
714,3/1/2019,4/10/2020,FALSE,406
715,4/17/2019,7/13/2020,FALSE,453
716,6/13/2019,9/17/2020,FALSE,462
717,4/18/2019,9/25/2020,FALSE,526
718,4/9/2019,7/29/2020,FALSE,477
719,6/14/2019,8/14/2020,FALSE,427
720,4/2/2019,8/24/2020,FALSE,510
721,6/12/2019,9/5/2020,FALSE,451
722,3/14/2019,8/22/2020,FALSE,527
723,3/26/2019,6/5/2020,FALSE,437
724,6/13/2019,8/28/2020,FALSE,442
725,3/14/2019,7/24/2020,FALSE,498
726,4/23/2019,8/7/2020,FALSE,472
727,3/28/2019,6/4/2020,FALSE,434
728,2/20/2019,6/23/2020,FALSE,489
729,4/18/2019,6/1/2020,FALSE,410
730,2/6/2019,9/5/2020,FALSE,577
731,3/11/2019,4/22/2020,FALSE,408
732,3/26/2019,9/5/2020,FALSE,529
733,3/25/2019,9/15/2020,FALSE,540
734,4/15/2019,6/24/2020,FALSE,436
735,4/12/2019,8/12/2020,FALSE,488
736,4/17/2019,6/4/2020,FALSE,414
737,4/17/2019,6/4/2020,FALSE,414
738,6/13/2019,8/20/2020,FALSE,434
739,3/13/2019,6/16/2020,FALSE,461
740,4/16/2019,9/15/2020,FALSE,518
741,6/19/2019,7/29/2020,FALSE,406
742,2/25/2019,9/8/2020,FALSE,561
743,3/12/2019,9/12/2020,FALSE,550
744,2/22/2019,5/29/2020,FALSE,462
745,4/18/2019,8/8/2020,FALSE,478
746,3/21/2019,7/24/2020,FALSE,491
747,4/10/2019,6/16/2020,FALSE,433
748,4/18/2019,8/19/2020,FALSE,489
749,6/13/2019,9/17/2020,FALSE,462
750,6/12/2019,9/15/2020,FALSE,461
751,4/17/2019,8/6/2020,FALSE,477
752,4/18/2019,9/9/2020,FALSE,510
753,3/11/2019,7/18/2020,FALSE,495
754,6/14/2019,8/19/2020,FALSE,432
755,3/20/2019,7/17/2020,FALSE,485
756,4/18/2019,6/4/2020,FALSE,413
757,4/18/2019,9/18/2020,FALSE,519
758,3/25/2019,7/20/2020,FALSE,483
759,4/16/2019,8/1/2020,FALSE,473
760,3/5/2019,6/24/2020,FALSE,477
761,3/20/2019,6/8/2020,FALSE,446
762,4/17/2019,9/9/2020,FALSE,511
763,3/20/2019,6/18/2020,FALSE,456
764,4/17/2019,6/25/2020,FALSE,435
765,1/25/2019,6/1/2020,FALSE,493
766,5/30/2019,8/24/2020,FALSE,452
767,3/20/2019,8/24/2020,FALSE,523
768,6/26/2019,9/2/2020,FALSE,434
769,6/26/2019,9/2/2020,FALSE,434
770,6/27/2019,8/13/2020,FALSE,413
771,4/23/2019,6/24/2020,FALSE,428
772,7/18/2019,9/5/2020,FALSE,415
773,3/12/2019,8/17/2020,FALSE,524
774,4/8/2019,5/30/2020,FALSE,418
775,3/25/2019,7/17/2020,FALSE,480
776,6/14/2019,7/30/2020,FALSE,412
777,6/25/2019,9/13/2020,FALSE,446
778,4/26/2019,6/27/2020,FALSE,428
779,6/12/2019,7/18/2020,FALSE,402
780,7/2/2019,9/9/2020,FALSE,435
781,2/12/2019,6/22/2020,FALSE,496
782,3/27/2019,5/7/2020,FALSE,407
783,3/26/2019,8/24/2020,FALSE,517
784,3/21/2019,5/19/2020,FALSE,425
785,5/6/2019,7/27/2020,FALSE,448
786,3/12/2019,6/24/2020,FALSE,470
787,3/21/2019,4/25/2020,FALSE,401
788,5/8/2019,7/13/2020,FALSE,432
789,4/30/2019,7/24/2020,FALSE,451
790,6/25/2019,9/2/2020,FALSE,435
791,8/9/2019,9/16/2020,FALSE,404
792,5/17/2019,8/24/2020,FALSE,465
793,4/24/2019,6/15/2020,FALSE,418
794,4/29/2019,9/10/2020,FALSE,500
795,6/5/2019,7/13/2020,FALSE,404
796,5/3/2019,6/30/2020,FALSE,424
797,6/17/2019,8/29/2020,FALSE,439
798,4/9/2019,8/1/2020,FALSE,480
799,6/5/2019,8/24/2020,FALSE,446
800,3/12/2019,5/25/2020,FALSE,440
801,4/9/2019,9/3/2020,FALSE,513
802,4/10/2019,6/1/2020,FALSE,418
803,6/12/2019,9/13/2020,FALSE,459
804,6/17/2019,8/25/2020,FALSE,435
805,4/9/2019,6/24/2020,FALSE,442
806,4/23/2019,6/27/2020,FALSE,431
807,4/23/2019,8/13/2020,FALSE,478
808,4/24/2019,7/15/2020,FALSE,448
809,4/24/2019,6/25/2020,FALSE,428
810,3/25/2019,8/28/2020,FALSE,522
811,3/23/2019,6/5/2020,FALSE,440
812,1/18/2019,8/18/2020,FALSE,578
813,4/1/2019,5/11/2020,FALSE,406
814,3/21/2019,4/29/2020,FALSE,405
815,6/13/2019,9/11/2020,FALSE,456
816,3/29/2019,7/13/2020,FALSE,472
817,3/22/2019,6/18/2020,FALSE,454
818,3/5/2019,6/24/2020,FALSE,477
819,4/8/2019,8/1/2020,FALSE,481
820,4/5/2019,6/24/2020,FALSE,446
821,5/31/2019,9/4/2020,FALSE,462
822,3/26/2019,7/16/2020,FALSE,478
823,6/14/2019,7/22/2020,FALSE,404
824,4/2/2019,5/16/2020,FALSE,410
825,6/12/2019,9/2/2020,FALSE,448
826,6/17/2019,8/30/2020,FALSE,440
827,4/23/2019,8/19/2020,FALSE,484
828,6/6/2019,9/19/2020,FALSE,471
829,4/15/2019,6/11/2020,FALSE,423
830,6/12/2019,9/1/2020,FALSE,447
831,6/14/2019,7/30/2020,FALSE,412
832,4/23/2019,8/13/2020,FALSE,478
833,5/4/2019,7/31/2020,FALSE,454
834,1/31/2019,9/16/2020,FALSE,594
835,5/16/2019,9/18/2020,FALSE,491
836,3/26/2019,5/22/2020,FALSE,423
837,4/8/2019,5/21/2020,FALSE,409
838,4/1/2019,5/17/2020,FALSE,412
839,3/12/2019,9/11/2020,FALSE,549
840,6/11/2019,9/14/2020,FALSE,461
841,5/3/2019,9/5/2020,FALSE,491
842,4/26/2019,8/21/2020,FALSE,483
843,4/18/2019,7/13/2020,FALSE,452
844,10/18/2018,8/19/2020,FALSE,671
845,9/4/2018,6/2/2020,FALSE,637
846,12/7/2018,2/25/2020,FALSE,445
847,9/4/2018,12/7/2019,FALSE,459
848,11/6/2018,3/15/2020,FALSE,495
849,9/6/2018,3/20/2020,FALSE,561
850,11/6/2018,8/6/2020,FALSE,639
851,10/2/2018,3/26/2020,FALSE,541
852,10/16/2018,5/30/2020,FALSE,592
853,10/17/2018,11/28/2019,FALSE,407
854,10/25/2018,12/4/2019,FALSE,405
855,10/18/2018,2/7/2020,FALSE,477
856,9/14/2018,6/23/2020,FALSE,648
857,10/18/2018,4/24/2020,FALSE,554
858,2/12/2019,9/3/2020,FALSE,569
859,9/7/2018,9/9/2020,FALSE,733
860,10/15/2018,5/30/2020,FALSE,593
861,12/3/2018,3/23/2020,FALSE,476
862,12/4/2018,8/21/2020,FALSE,626
863,9/17/2018,7/9/2020,FALSE,661
864,9/19/2018,9/3/2020,FALSE,715
865,10/18/2018,12/11/2019,FALSE,419
866,12/11/2018,2/24/2020,FALSE,440
867,10/30/2018,10/3/2020,FALSE,704
868,9/7/2018,3/19/2020,FALSE,559
869,11/6/2018,4/7/2020,FALSE,518
870,12/8/2018,7/6/2020,FALSE,576
871,10/31/2018,6/5/2020,FALSE,583
872,9/8/2018,3/14/2020,FALSE,553
873,10/17/2018,2/14/2020,FALSE,485
874,12/14/2018,6/10/2020,FALSE,544
875,9/7/2018,4/29/2020,FALSE,600
876,9/7/2018,12/29/2019,FALSE,478
877,10/18/2018,8/24/2020,FALSE,676
878,9/24/2018,5/27/2020,FALSE,611
879,9/14/2018,2/8/2020,FALSE,512
880,9/6/2018,7/9/2020,FALSE,672
881,11/30/2018,1/22/2020,FALSE,418
882,10/18/2018,6/2/2020,FALSE,593
883,11/3/2018,8/7/2020,FALSE,643
884,12/7/2018,9/12/2020,FALSE,645
885,10/18/2018,1/13/2020,FALSE,452
886,10/18/2018,4/1/2020,FALSE,531
887,12/13/2018,7/17/2020,FALSE,582
888,12/7/2018,6/7/2020,FALSE,548
889,12/14/2018,5/17/2020,FALSE,520
890,9/7/2018,2/6/2020,FALSE,517
891,12/13/2018,1/22/2020,FALSE,405
892,9/11/2018,3/27/2020,FALSE,563
893,12/5/2018,7/21/2020,FALSE,594
894,9/20/2018,3/24/2020,FALSE,551
895,9/17/2018,7/9/2020,FALSE,661
896,10/18/2018,7/25/2020,FALSE,646
897,9/24/2018,7/6/2020,FALSE,651
898,10/3/2018,11/19/2019,FALSE,412
899,10/19/2018,5/24/2020,FALSE,583
900,9/12/2018,7/17/2020,FALSE,674
901,11/23/2018,6/18/2020,FALSE,573
902,9/6/2018,10/20/2019,FALSE,409
903,10/17/2018,4/1/2020,FALSE,532
904,9/14/2018,3/15/2020,FALSE,548
905,10/17/2018,4/11/2020,FALSE,542
906,11/3/2018,7/13/2020,FALSE,618
907,11/8/2018,5/1/2020,FALSE,540
908,9/5/2018,5/7/2020,FALSE,610
909,9/20/2018,9/18/2020,FALSE,729
910,10/3/2018,7/15/2020,FALSE,651
911,9/24/2018,3/27/2020,FALSE,550
912,11/30/2018,6/7/2020,FALSE,555
913,11/5/2018,3/4/2020,FALSE,485
914,9/19/2018,12/14/2019,FALSE,451
915,10/3/2018,9/8/2020,FALSE,706
916,10/18/2018,1/22/2020,FALSE,461
917,11/2/2018,6/27/2020,FALSE,603
918,12/12/2018,7/13/2020,FALSE,579
919,3/19/2019,8/2/2020,FALSE,502
920,2/28/2019,7/25/2020,FALSE,513
921,10/19/2018,2/26/2020,FALSE,495
922,1/25/2019,9/27/2020,FALSE,611
923,1/30/2019,7/13/2020,FALSE,530
924,11/26/2018,2/8/2020,FALSE,439
925,3/8/2019,5/19/2020,FALSE,438
926,4/10/2019,8/6/2020,FALSE,484
927,3/1/2019,8/28/2020,FALSE,546
928,3/19/2019,8/29/2020,FALSE,529
929,3/14/2019,9/29/2020,FALSE,565
930,12/21/2018,3/18/2020,FALSE,453
931,11/6/2018,2/2/2020,FALSE,453
932,12/31/2018,6/24/2020,FALSE,541
933,4/26/2019,7/23/2020,FALSE,454
934,1/29/2019,9/15/2020,FALSE,595
935,1/29/2019,4/7/2020,FALSE,434
936,1/4/2019,6/30/2020,FALSE,543
937,1/15/2019,6/25/2020,FALSE,527
938,11/30/2018,2/24/2020,FALSE,451
939,5/22/2019,9/9/2020,FALSE,476
940,12/27/2018,5/6/2020,FALSE,496
941,6/6/2019,8/6/2020,FALSE,427
942,3/13/2019,8/21/2020,FALSE,527
943,6/12/2019,9/2/2020,FALSE,448
944,1/15/2019,9/11/2020,FALSE,605
945,1/19/2019,9/6/2020,FALSE,596
946,2/18/2019,7/15/2020,FALSE,513
947,1/26/2019,3/26/2020,FALSE,425
948,1/23/2019,4/13/2020,FALSE,446
949,3/27/2019,9/2/2020,FALSE,525
950,4/1/2019,9/9/2020,FALSE,527
951,3/27/2019,8/12/2020,FALSE,504
952,1/22/2019,8/24/2020,FALSE,580
953,11/28/2018,4/24/2020,FALSE,513
954,1/15/2019,9/23/2020,FALSE,617
955,11/19/2018,5/17/2020,FALSE,545
956,12/31/2018,7/17/2020,FALSE,564
957,1/15/2019,7/10/2020,FALSE,542
958,1/15/2019,6/16/2020,FALSE,518
959,5/10/2019,8/14/2020,FALSE,462
960,3/1/2019,8/5/2020,FALSE,523
961,12/12/2018,8/24/2020,FALSE,621
962,3/27/2019,7/25/2020,FALSE,486
963,4/1/2019,7/19/2020,FALSE,475
964,4/14/2019,7/26/2020,FALSE,469
965,4/1/2019,6/2/2020,FALSE,428
966,3/21/2019,9/18/2020,FALSE,547
967,4/19/2019,9/20/2020,FALSE,520
968,2/12/2019,5/7/2020,FALSE,450
969,12/7/2018,8/14/2020,FALSE,616
970,3/23/2019,9/21/2020,FALSE,548
971,5/1/2019,9/1/2020,FALSE,489
972,5/22/2019,7/21/2020,FALSE,426
973,12/5/2018,2/10/2020,FALSE,432
974,4/15/2019,9/15/2020,FALSE,519
975,1/29/2019,6/13/2020,FALSE,501
976,11/17/2018,7/28/2020,FALSE,619
977,1/29/2019,8/29/2020,FALSE,578
978,12/6/2018,1/22/2020,FALSE,412
979,4/7/2019,9/26/2020,FALSE,538
980,4/24/2019,6/19/2020,FALSE,422
981,12/17/2018,5/6/2020,FALSE,506
982,1/22/2019,3/28/2020,FALSE,431
983,11/6/2018,4/21/2020,FALSE,532
984,11/13/2018,6/15/2020,FALSE,580
985,4/14/2019,7/23/2020,FALSE,466
986,3/6/2019,7/13/2020,FALSE,495
987,1/17/2019,6/23/2020,FALSE,523
988,2/23/2019,4/6/2020,FALSE,408
989,1/23/2019,9/27/2020,FALSE,613
990,3/13/2019,8/19/2020,FALSE,525
991,3/6/2019,7/15/2020,FALSE,497
992,6/8/2019,7/22/2020,FALSE,410
993,5/22/2019,9/9/2020,FALSE,476
994,1/18/2019,2/24/2020,FALSE,402
995,12/21/2018,8/6/2020,FALSE,594
996,1/30/2019,9/18/2020,FALSE,597
997,11/26/2018,1/28/2020,FALSE,428
998,11/22/2018,2/29/2020,FALSE,464
999,10/17/2018,12/29/2019,FALSE,438
1000,1/31/2019,6/11/2020,FALSE,497
1001,10/25/2018,7/13/2020,FALSE,627
1002,11/29/2018,6/5/2020,FALSE,554
1003,10/18/2018,9/17/2020,FALSE,700
1004,10/31/2018,5/17/2020,FALSE,564
1005,2/7/2019,7/9/2020,FALSE,518
1006,11/16/2018,9/3/2020,FALSE,657
1007,9/5/2018,4/16/2020,FALSE,589
1008,9/5/2018,10/5/2020,FALSE,761
1009,9/5/2018,9/10/2020,FALSE,736
1010,9/5/2018,2/8/2020,FALSE,521
1011,12/27/2018,2/13/2020,FALSE,413
1012,9/4/2018,4/1/2020,FALSE,575
1013,2/12/2019,4/25/2020,FALSE,438
1014,9/4/2018,9/8/2020,FALSE,735
1015,9/3/2018,3/19/2020,FALSE,563
1016,9/5/2018,1/24/2020,FALSE,506
1017,1/10/2019,5/24/2020,FALSE,500
1018,11/16/2018,3/22/2020,FALSE,492
1019,1/10/2019,8/29/2020,FALSE,597
1020,9/4/2018,1/17/2020,FALSE,500
1021,1/7/2019,7/6/2020,FALSE,546
1022,11/3/2018,9/11/2020,FALSE,678
1023,12/28/2018,6/3/2020,FALSE,523
1024,1/10/2019,6/11/2020,FALSE,518
1025,9/5/2018,2/9/2020,FALSE,522
1026,1/17/2019,9/18/2020,FALSE,610
